feature,ref_importance,cur_importance,absolute_shift,relative_shift_%,direction,ref_rank,cur_rank,rank_shift,is_drifted,severity
pickup_month,24.679089,15.158294,9.520795,38.58,DECREASED,7,8,1,True,MEDIUM_shift
is_rush_hour,4.959103,4.515264,0.443839,8.95,DECREASED,9,9,0,False,STABLE
is_weekend,24.218447,22.503065,1.715382,7.08,DECREASED,8,7,1,False,STABLE
pickup_day_of_week,55.105794,51.760365,3.345429,6.07,DECREASED,6,6,0,False,STABLE
VendorID,3.104049,2.916303,0.187746,6.05,DECREASED,11,11,0,False,STABLE
payment_type,4.214117,4.371165,0.157048,3.73,INCREASED,10,10,0,False,STABLE
PULocationID,72.662959,74.594525,1.931566,2.66,INCREASED,5,5,0,False,STABLE
RatecodeID,100.482933,98.375188,2.107745,2.1,DECREASED,3,3,0,False,STABLE
pickup_hour,132.079866,133.597304,1.517438,1.15,INCREASED,2,2,0,False,STABLE
DOLocationID,77.070315,77.735407,0.665092,0.86,INCREASED,4,4,0,False,STABLE
trip_distance,550.318561,551.056436,0.737875,0.13,INCREASED,1,1,0,False,STABLE
